Nº de Filhos,Quantidade de Clientes,Percentual (%)
0,384986,52.489954966071174
1,90845,12.386034710074483
2,94168,12.839100848459397
3,92407,12.599001700191014
4,71041,9.685907775203935
